Over,Ball,Innings,Striker,Non-Striker,Bowler,Runs,Extras,Wicket,Notes
1,1,1,Asha Kumar,Bela Roy,Imran Khan,0,0,,Good length defended
1,2,1,Asha Kumar,Bela Roy,Imran Khan,4,0,,Driven through covers
1,3,1,Asha Kumar,Bela Roy,Imran Khan,1,0,,Single to midwicket
1,4,1,Bela Roy,Asha Kumar,Imran Khan,0,0,,Dot ball
1,5,1,Bela Roy,Asha Kumar,Imran Khan,2,0,,Two runs through point
1,6,1,Bela Roy,Asha Kumar,Imran Khan,0,0,,Good yorker
2,1,1,Asha Kumar,Bela Roy,Sharma,6,0,,Six over long-on
2,2,1,Asha Kumar,Bela Roy,Sharma,0,1,wide,Wide down the leg side
2,3,1,Asha Kumar,Bela Roy,Sharma,3,0,,Quick boundary
2,4,1,Bela Roy,Asha Kumar,Sharma,0,0,,Defended
2,5,1,Bela Roy,Asha Kumar,Sharma,1,0,,Pushed for a single
2,6,1,Asha Kumar,Bela Roy,Sharma,0,0,,End of over
