Match Number,Round Number,Date,Location,Home Team,Away Team,Group,Result
1,1,19/09/2020 19:30,"Zayed Cricket Stadium, Abu Dhabi",Mumbai Indians,Chennai Super Kings,,
2,1,20/09/2020 19:30,Dubai International Cricket Stadium,Delhi Capitals,Kings XI Punjab,,
3,1,21/09/2020 19:30,Dubai International Cricket Stadium,Sunrisers Hyderabad,Royal Challengers Bangalore,,
4,1,22/09/2020 19:30,Sharjah Cricket Stadium,Rajasthan Royals,Chennai Super Kings,,
5,1,23/09/2020 19:30,"Zayed Cricket Stadium, Abu Dhabi",Kolkata Knight Riders,Mumbai Indians,,
6,1,24/09/2020 19:30,Dubai International Cricket Stadium,Kings XI Punjab,Royal Challengers Bangalore,,
7,1,25/09/2020 19:30,Dubai International Cricket Stadium,Chennai Super Kings,Delhi Capitals,,
8,1,26/09/2020 19:30,"Zayed Cricket Stadium, Abu Dhabi",Kolkata Knight Riders,Sunrisers Hyderabad,,
9,2,27/09/2020 19:30,Sharjah Cricket Stadium,Rajasthan Royals,Kings XI Punjab,,
10,2,28/09/2020 19:30,Dubai International Cricket Stadium,Royal Challengers Bangalore,Mumbai Indians,,
11,2,29/09/2020 19:30,"Zayed Cricket Stadium, Abu Dhabi",Delhi Capitals,Sunrisers Hyderabad,,
12,2,30/09/2020 19:30,Dubai International Cricket Stadium,Rajasthan Royals,Kolkata Knight Riders,,
13,2,01/10/2020 19:30,"Zayed Cricket Stadium, Abu Dhabi",Kings XI Punjab,Mumbai Indians,,
14,2,02/10/2020 19:30,Dubai International Cricket Stadium,Chennai Super Kings,Sunrisers Hyderabad,,
15,2,03/10/2020 15:30,"Zayed Cricket Stadium, Abu Dhabi",Royal Challengers Bangalore,Rajasthan Royals,,
16,2,03/10/2020 19:30,Sharjah Cricket Stadium,Delhi Capitals,Kolkata Knight Riders,,
17,3,04/10/2020 15:30,Sharjah Cricket Stadium,Mumbai Indians,Sunrisers Hyderabad,,
18,3,04/10/2020 19:30,Dubai International Cricket Stadium,Kings XI Punjab,Chennai Super Kings,,
19,3,05/10/2020 19:30,Dubai International Cricket Stadium,Royal Challengers Bangalore,Delhi Capitals,,
20,3,06/10/2020 19:30,"Zayed Cricket Stadium, Abu Dhabi",Mumbai Indians,Rajasthan Royals,,
21,3,07/10/2020 19:30,"Zayed Cricket Stadium, Abu Dhabi",Kolkata Knight Riders,Chennai Super Kings,,
22,3,08/10/2020 19:30,Dubai International Cricket Stadium,Sunrisers Hyderabad,Kings XI Punjab,,
23,3,09/10/2020 19:30,Sharjah Cricket Stadium,Rajasthan Royals,Delhi Capitals,,
24,3,10/10/2020 15:30,"Zayed Cricket Stadium, Abu Dhabi",Kings XI Punjab,Kolkata Knight Riders,,
25,4,10/10/2020 19:30,Dubai International Cricket Stadium,Chennai Super Kings,Royal Challengers Bangalore,,
26,4,11/10/2020 15:30,Dubai International Cricket Stadium,Sunrisers Hyderabad,Rajasthan Royals,,
27,4,11/10/2020 19:30,"Zayed Cricket Stadium, Abu Dhabi",Mumbai Indians,Delhi Capitals,,
28,4,12/10/2020 19:30,Sharjah Cricket Stadium,Royal Challengers Bangalore,Kolkata Knight Riders,,
29,4,13/10/2020 19:30,Dubai International Cricket Stadium,Sunrisers Hyderabad,Chennai Super Kings,,
30,4,14/10/2020 19:30,Dubai International Cricket Stadium,Delhi Capitals,Rajasthan Royals,,
31,4,15/10/2020 19:30,Sharjah Cricket Stadium,Royal Challengers Bangalore,Kings XI Punjab,,
32,4,16/10/2020 19:30,"Zayed Cricket Stadium, Abu Dhabi",Mumbai Indians,Kolkata Knight Riders,,
33,5,17/10/2020 15:30,Dubai International Cricket Stadium,Rajasthan Royals,Royal Challengers Bangalore,,
34,5,17/10/2020 19:30,Sharjah Cricket Stadium,Delhi Capitals,Chennai Super Kings,,
35,5,18/10/2020 15:30,"Zayed Cricket Stadium, Abu Dhabi",Sunrisers Hyderabad,Kolkata Knight Riders,,
36,5,18/10/2020 19:30,Dubai International Cricket Stadium,Mumbai Indians,Kings XI Punjab,,
37,5,19/10/2020 19:30,"Zayed Cricket Stadium, Abu Dhabi",Chennai Super Kings,Rajasthan Royals,,
38,5,20/10/2020 19:30,Dubai International Cricket Stadium,Kings XI Punjab,Delhi Capitals,,
39,5,21/10/2020 19:30,"Zayed Cricket Stadium, Abu Dhabi",Kolkata Knight Riders,Royal Challengers Bangalore,,
40,5,22/10/2020 19:30,Dubai International Cricket Stadium,Rajasthan Royals,Sunrisers Hyderabad,,
41,6,23/10/2020 19:30,Sharjah Cricket Stadium,Chennai Super Kings,Mumbai Indians,,
42,6,24/10/2020 15:30,"Zayed Cricket Stadium, Abu Dhabi",Kolkata Knight Riders,Delhi Capitals,,
43,6,24/10/2020 19:30,Dubai International Cricket Stadium,Kings XI Punjab,Sunrisers Hyderabad,,
44,6,25/10/2020 15:30,Dubai International Cricket Stadium,Royal Challengers Bangalore,Chennai Super Kings,,
45,6,25/10/2020 19:30,"Zayed Cricket Stadium, Abu Dhabi",Rajasthan Royals,Mumbai Indians,,
46,6,26/10/2020 19:30,Sharjah Cricket Stadium,Kolkata Knight Riders,Kings XI Punjab,,
47,6,27/10/2020 19:30,Dubai International Cricket Stadium,Sunrisers Hyderabad,Delhi Capitals,,
48,6,28/10/2020 19:30,"Zayed Cricket Stadium, Abu Dhabi",Mumbai Indians,Royal Challengers Bangalore,,
49,7,29/10/2020 19:30,Dubai International Cricket Stadium,Chennai Super Kings,Kolkata Knight Riders,,
50,7,30/10/2020 19:30,"Zayed Cricket Stadium, Abu Dhabi",Kings XI Punjab,Rajasthan Royals,,
51,7,31/10/2020 15:30,Dubai International Cricket Stadium,Delhi Capitals,Mumbai Indians,,
52,7,31/10/2020 19:30,Sharjah Cricket Stadium,Royal Challengers Bangalore,Sunrisers Hyderabad,,
53,7,01/11/2020 15:30,"Zayed Cricket Stadium, Abu Dhabi",Chennai Super Kings,Kings XI Punjab,,
54,7,01/11/2020 19:30,Dubai International Cricket Stadium,Kolkata Knight Riders,Rajasthan Royals,,
55,7,02/11/2020 19:30,"Zayed Cricket Stadium, Abu Dhabi",Delhi Capitals,Royal Challengers Bangalore,,
56,7,03/11/2020 19:30,Sharjah Cricket Stadium,Sunrisers Hyderabad,Mumbai Indians,,
57,Preliminary Finals,05/11/2020 19:30,Dubai International Cricket Stadium,Mumbai Indians,Delhi Capitals,Qualifier 1,
58,Preliminary Finals,06/11/2020 19:30,"Zayed Cricket Stadium, Abu Dhabi",Sunrisers Hyderabad,Royal Challengers Bangalore,Eliminator,
59,Qualifier 2,08/11/2020 19:30,"Zayed Cricket Stadium, Abu Dhabi",Delhi Capitals,Sunrisers Hyderabad,,
60,Final,10/11/2020 19:30,Dubai International Cricket Stadium,Mumbai Indians,Delhi Capitals,,
